player_key,player_name,hometown_teams,profile_updated_at,profile_source
a j lawson,A.J. Lawson,TOR,2026-03-11T17:02:59.072700+00:00,https://en.wikipedia.org/wiki/A._J._Lawson
aj green,AJ Green,ATL,2026-03-12T23:01:01.155017+00:00,https://en.wikipedia.org/wiki/A._J._Green
aj johnson,AJ Johnson,DAL,2026-03-12T08:39:37.881196+00:00,https://en.wikipedia.org/wiki/AJ_Johnson_(basketball)
aaron gordon,Aaron Gordon,DEN|GSW|LAC|LAL,2026-03-12T22:57:32.043139+00:00,https://en.wikipedia.org/wiki/Aaron_Gordon
aaron holiday,Aaron Holiday,HOU|IND,2026-03-12T04:17:02.221588+00:00,https://en.wikipedia.org/wiki/Aaron_Holiday
aaron nesmith,Aaron Nesmith,BOS|IND,2026-03-12T22:57:32.043139+00:00,https://en.wikipedia.org/wiki/Aaron_Nesmith
aaron wiggins,Aaron Wiggins,OKC,2026-03-11T13:53:04.263844+00:00,https://en.wikipedia.org/wiki/Aaron_Wiggins
ace bailey,Ace Bailey,BOS|TOR,2026-03-12T03:24:23.136791+00:00,https://en.wikipedia.org/wiki/Ace_Bailey
adem bona,Adem Bona,PHI,2026-03-12T22:05:56.641451+00:00,https://en.wikipedia.org/wiki/Adem_Bona
adou thiero,Adou Thiero,LAC|LAL,2026-03-12T04:39:34.194685+00:00,https://en.wikipedia.org/wiki/Adou_Thiero
ajay mitchell,Ajay Mitchell,OKC,2026-03-11T13:49:30.262811+00:00,https://en.wikipedia.org/wiki/Ajay_Mitchell
al horford,Al Horford,,2026-03-11T04:34:25.398428+00:00,https://en.wikipedia.org/wiki/Al_Horford
alex caruso,Alex Caruso,CHI|DAL|HOU|OKC,2026-03-11T17:02:59.072700+00:00,https://en.wikipedia.org/wiki/Alex_Caruso
alex sarr,Alex Sarr,WAS,2026-03-11T16:25:01.036235+00:00,https://en.wikipedia.org/wiki/Alex_Sarr
alijah martin,Alijah Martin,MIA|ORL|TOR,2026-03-12T02:21:40.087442+00:00,https://en.wikipedia.org/wiki/Alijah_Martin
alperen sengun,Alperen Sengun,HOU,2026-03-12T04:10:08.812817+00:00,https://en.wikipedia.org/wiki/Alperen_%C5%9Eeng%C3%BCn
amari williams,Amari Williams,BOS|ORL,2026-03-10T23:57:49.022445+00:00,https://en.wikipedia.org/wiki/Amari_Williams
amen thompson,Amen Thompson,HOU|MIA|ORL,2026-03-12T04:10:08.812817+00:00,https://en.wikipedia.org/wiki/Amen_Thompson
amir coffey,Amir Coffey,MIN|PHX,2026-03-12T22:57:32.043139+00:00,https://en.wikipedia.org/wiki/Amir_Coffey
andre drummond,Andre Drummond,DET|PHI,2026-03-12T22:57:32.043139+00:00,https://en.wikipedia.org/wiki/Andre_Drummond
andre jackson jr,Andre Jackson Jr.,MIL,2026-03-10T23:57:49.022445+00:00,https://en.wikipedia.org/wiki/Andre_Jackson_Jr.
andrew nembhard,Andrew Nembhard,IND|MIA|ORL,2026-03-12T22:57:32.043139+00:00,https://en.wikipedia.org/wiki/Andrew_Nembhard
andrew wiggins,Andrew Wiggins,CLE|MIA,2026-03-11T16:25:01.036235+00:00,https://en.wikipedia.org/wiki/Andrew_Wiggins
anfernee simons,Anfernee Simons,BOS|CHI|MIA|ORL,2026-03-12T06:07:15.653423+00:00,https://en.wikipedia.org/wiki/Anfernee_Simons
anthony black,Anthony Black,ORL,2026-03-12T21:50:47.178602+00:00,https://en.wikipedia.org/wiki/Anthony_Black_(basketball)
anthony davis,Anthony Davis,WAS,2026-03-12T22:57:32.043139+00:00,https://en.wikipedia.org/wiki/Anthony_Davis
anthony edwards,Anthony Edwards,ATL|MIN,2026-03-12T04:55:35.259378+00:00,https://en.wikipedia.org/wiki/Anthony_Edwards_(basketball)
anthony gill,Anthony Gill,WAS,2026-03-10T23:36:01.050229+00:00,https://en.wikipedia.org/wiki/Anthony_Gill_(basketball)
antonio reeves,Antonio Reeves,CHA|CHI|ORL,2026-03-12T01:03:12.890496+00:00,https://en.wikipedia.org/wiki/Antonio_Reeves
ariel hukporti,Ariel Hukporti,BKN|NYK|WAS,2026-03-12T03:16:51.627554+00:00,https://en.wikipedia.org/wiki/Ariel_Hukporti
ausar thompson,Ausar Thompson,DET|MIA|ORL,2026-03-12T22:05:56.641451+00:00,https://en.wikipedia.org/wiki/Ausar_Thompson
austin reaves,Austin Reaves,LAC|LAL|OKC,2026-03-12T22:57:32.043139+00:00,https://en.wikipedia.org/wiki/Austin_Reaves
ayo dosunmu,Ayo Dosunmu,CHI|MIN,2026-03-12T04:48:30.400734+00:00,https://en.wikipedia.org/wiki/Ayo_Dosunmu
bam adebayo,Bam Adebayo,MIA|WAS,2026-03-11T16:25:01.036235+00:00,https://en.wikipedia.org/wiki/Bam_Adebayo
baylor scheierman,Baylor Scheierman,BOS,2026-03-12T22:57:32.043139+00:00,https://en.wikipedia.org/wiki/Baylor_Scheierman
ben saraf,Ben Saraf,BKN,2026-03-10T23:36:01.050229+00:00,https://en.wikipedia.org/wiki/Ben_Saraf
ben sheppard,Ben Sheppard,IND,2026-03-12T22:57:32.043139+00:00,https://en.wikipedia.org/wiki/Ben_Sheppard_(basketball)
bennedict mathurin,Bennedict Mathurin,LAC|LAL|PHX,2026-03-12T04:55:35.259378+00:00,https://en.wikipedia.org/wiki/Bennedict_Mathurin
bilal coulibaly,Bilal Coulibaly,IND|WAS,2026-03-11T00:31:54.160041+00:00,https://en.wikipedia.org/wiki/Bilal_Coulibaly
bismack biyombo,Bismack Biyombo,CHA|MEM|OKC|ORL,2026-03-10T23:57:49.022445+00:00,https://en.wikipedia.org/wiki/Bismack_Biyombo
blake hinson,Blake Hinson,UTA,2026-03-11T17:02:59.072700+00:00,https://en.wikipedia.org/wiki/Blake_Hinson
blake wesley,Blake Wesley,POR,2026-03-09T00:13:13.433999+00:00,https://en.wikipedia.org/wiki/Blake_Wesley_(basketball)
bobby portis,Bobby Portis,CHI|MIL,2026-03-12T23:01:01.155017+00:00,https://en.wikipedia.org/wiki/Bobby_Portis
bobi klintman,Bobi Klintman,DET|MIN,2026-03-12T22:53:22.762786+00:00,https://en.wikipedia.org/wiki/Bobi_Klintman
bogdan bogdanovi,Bogdan Bogdanović,LAC|LAL,2026-03-12T04:47:49.294612+00:00,https://en.wikipedia.org/wiki/Bogdan_Bogdanovi%C4%87_(basketball)
bones hyland,Bones Hyland,DEN|MIN,2026-03-12T05:00:37.215662+00:00,https://en.wikipedia.org/wiki/Bones_Hyland
bradley beal,Bradley Beal,LAC|LAL,2026-03-12T04:48:30.400734+00:00,https://en.wikipedia.org/wiki/Bradley_Beal
branden carlson,Branden Carlson,OKC|UTA,2026-03-11T17:02:59.072700+00:00,https://en.wikipedia.org/wiki/Branden_Carlson
brandin podziemski,Brandin Podziemski,CHI,2026-03-11T04:34:25.398428+00:00,https://en.wikipedia.org/wiki/Brandin_Podziemski
brandon clarke,Brandon Clarke,MEM|OKC,2026-03-12T22:40:14.035766+00:00,https://en.wikipedia.org/wiki/Brandon_Clarke
brandon ingram,Brandon Ingram,LAC|LAL|TOR,2026-03-12T02:22:53.389669+00:00,https://en.wikipedia.org/wiki/Brandon_Ingram
brandon miller,Brandon Miller,,2026-03-12T04:10:08.812817+00:00,wikipedia
brandon williams,Brandon Williams,,2026-03-11T00:31:54.160041+00:00,wikipedia
brice sensabaugh,Brice Sensabaugh,CLE|UTA,2026-03-12T03:24:23.136791+00:00,https://en.wikipedia.org/wiki/Brice_Sensabaugh
bronny james,Bronny James,LAC|LAL,2026-03-11T04:34:25.398428+00:00,https://en.wikipedia.org/wiki/Bronny_James
brook lopez,Brook Lopez,BKN|LAC|LAL|MIL,2026-03-12T04:55:35.259378+00:00,https://en.wikipedia.org/wiki/Brook_Lopez
bruce brown,Bruce Brown,BKN|DEN|DET|IND,2026-03-12T04:11:31.523295+00:00,https://en.wikipedia.org/wiki/Bruce_Brown_(basketball)
bryce mcgowens,Bryce McGowens,NOP,2026-03-11T23:01:08.329628+00:00,https://en.wikipedia.org/wiki/Bryce_McGowens
bub carrington,Bub Carrington,POR|WAS,2026-03-11T00:31:54.160041+00:00,https://en.wikipedia.org/wiki/Bub_Carrington
buddy hield,Buddy Hield,ATL|OKC,2026-03-10T23:36:01.050229+00:00,https://en.wikipedia.org/wiki/Buddy_Hield
cj mccollum,CJ McCollum,ATL|NOP|POR|WAS,2026-03-11T16:25:01.036235+00:00,https://en.wikipedia.org/wiki/CJ_McCollum
cade cunningham,Cade Cunningham,DAL|DET|HOU|MIA,2026-03-12T22:57:32.043139+00:00,https://en.wikipedia.org/wiki/Cade_Cunningham
caleb houstan,Caleb Houstan,ATL|DET|TOR,2026-03-10T23:04:33.231321+00:00,https://en.wikipedia.org/wiki/Caleb_Houstan
caleb love,Caleb Love,CHA|PHX|POR,2026-03-09T02:36:37.895684+00:00,https://en.wikipedia.org/wiki/Caleb_Love
caleb martin,Caleb Martin,DAL,2026-03-12T21:50:47.178602+00:00,https://en.wikipedia.org/wiki/Caleb_Martin_(basketball)
cam christie,Cam Christie,LAC|LAL|MIN,2026-03-12T04:47:49.294612+00:00,https://en.wikipedia.org/wiki/Cam_Christie
cam spencer,Cam Spencer,MEM,2026-03-12T22:57:32.043139+00:00,https://en.wikipedia.org/wiki/Cam_Spencer
cam thomas,Cam Thomas,MIL,2026-03-12T23:01:01.155017+00:00,https://en.wikipedia.org/wiki/Cam_Thomas_(basketball)
cameron johnson,Cameron Johnson,BKN|CHA|DEN|MIN,2026-03-12T22:57:32.043139+00:00,https://en.wikipedia.org/wiki/Cameron_Johnson
cameron payne,Cameron Payne,CHI|OKC|PHI,2026-03-12T22:53:22.762786+00:00,https://en.wikipedia.org/wiki/Cameron_Payne
carter bryant,Carter Bryant,,2026-03-10T23:57:49.022445+00:00,https://en.wikipedia.org/wiki/Carter_Bryant
cason wallace,Cason Wallace,OKC,2026-03-12T22:57:32.043139+00:00,https://en.wikipedia.org/wiki/Cason_Wallace
cedric coward,Cedric Coward,MEM|WAS,2026-03-12T22:57:32.043139+00:00,https://en.wikipedia.org/wiki/Cedric_Coward
chaney johnson,Chaney Johnson,BKN,2026-03-10T23:36:01.050229+00:00,https://en.wikipedia.org/wiki/Chaney_Johnson
chaz lanier,Chaz Lanier,DET|MEM|MIA|ORL,2026-03-12T22:53:22.762786+00:00,https://en.wikipedia.org/wiki/Chaz_Lanier
chet holmgren,Chet Holmgren,OKC,2026-03-12T22:57:32.043139+00:00,https://en.wikipedia.org/wiki/Chet_Holmgren
chris livingston,Chris Livingston,,2026-03-11T16:56:02.113602+00:00,https://en.wikipedia.org/wiki/Chris_Livingston
chris ma on,Chris Mañon,LAC|LAL,2026-03-11T04:34:25.398428+00:00,https://en.wikipedia.org/wiki/Chris_Ma%C3%B1on
chris paul,Chris Paul,,2026-03-11T22:24:51.377386+00:00,https://en.wikipedia.org/wiki/Chris_Paul
christian braun,Christian Braun,DEN,2026-03-12T22:57:32.043139+00:00,https://en.wikipedia.org/wiki/Christian_Braun
christian koloko,Christian Koloko,ATL|PHX,2026-03-10T23:04:33.231321+00:00,https://en.wikipedia.org/wiki/Christian_Koloko
clint capela,Clint Capela,HOU,2026-03-12T04:11:31.523295+00:00,https://en.wikipedia.org/wiki/Clint_Capela
coby white,Coby White,CHA,2026-03-12T04:11:31.523295+00:00,https://en.wikipedia.org/wiki/Coby_White
cody martin,Cody Martin,CHA,2026-03-12T05:17:06.631629+00:00,https://en.wikipedia.org/wiki/Cody_Martin_(basketball)
cody williams,Cody Williams,DEN|OKC|UTA,2026-03-12T03:24:23.136791+00:00,https://en.wikipedia.org/wiki/Cody_Williams
colby jones,Colby Jones,MEM,2026-03-12T21:50:47.178602+00:00,https://en.wikipedia.org/wiki/Colby_Jones
collin gillespie,Collin Gillespie,PHX,2026-03-12T22:57:32.043139+00:00,https://en.wikipedia.org/wiki/Collin_Gillespie
collin murray boyles,Collin Murray-Boyles,TOR,2026-03-11T23:10:29.619486+00:00,https://en.wikipedia.org/wiki/Collin_Murray-Boyles
collin sexton,Collin Sexton,CHA|CHI|CLE|UTA,2026-03-12T06:07:15.653423+00:00,https://en.wikipedia.org/wiki/Collin_Sexton
cooper flagg,Cooper Flagg,DAL|MIA|ORL,2026-03-12T22:57:32.043139+00:00,https://en.wikipedia.org/wiki/Cooper_Flagg
corey kispert,Corey Kispert,ATL,2026-03-10T23:36:01.050229+00:00,https://en.wikipedia.org/wiki/Corey_Kispert
craig porter jr,Craig Porter Jr.,CLE,2026-03-12T00:59:19.123422+00:00,https://en.wikipedia.org/wiki/Craig_Porter_Jr.
curtis jones,Curtis Jones,DEN,2026-03-12T22:40:14.035766+00:00,https://en.wikipedia.org/wiki/Curtis_Jones_(basketball)
d angelo russell,D'Angelo Russell,CLE|LAC|LAL|WAS,2026-03-12T07:38:16.667438+00:00,https://en.wikipedia.org/wiki/D'Angelo_Russell
daron holmes ii,DaRon Holmes II,DEN,2026-03-12T22:06:47.743184+00:00,https://en.wikipedia.org/wiki/DaRon_Holmes_II
daeqwon plowden,Daeqwon Plowden,SAC,2026-03-12T04:10:08.812817+00:00,https://en.wikipedia.org/wiki/Daeqwon_Plowden
dalen terry,Dalen Terry,PHI,2026-03-12T22:53:22.762786+00:00,https://en.wikipedia.org/wiki/Dalen_Terry
dalton knecht,Dalton Knecht,DEN|LAC|LAL|MEM,2026-03-11T04:34:25.398428+00:00,https://en.wikipedia.org/wiki/Dalton_Knecht
daniel gafford,Daniel Gafford,CHI|DAL,2026-03-12T22:57:32.043139+00:00,https://en.wikipedia.org/wiki/Daniel_Gafford
daniss jenkins,Daniss Jenkins,DET,2026-03-12T22:53:22.762786+00:00,https://en.wikipedia.org/wiki/Daniss_Jenkins
danny wolf,Danny Wolf,BKN|DET,2026-03-10T23:36:01.050229+00:00,https://en.wikipedia.org/wiki/Danny_Wolf
dario ari,Dario Šarić,DEN|MIN|OKC|PHI,2026-03-11T19:54:00.538270+00:00,https://en.wikipedia.org/wiki/Dario_%C5%A0ari%C4%87
darius brown,Darius Brown,CLE|UTA,2026-03-11T16:25:51.525425+00:00,https://en.wikipedia.org/wiki/Darius_Brown_(basketball)
darius garland,Darius Garland,IND|LAC|LAL|MEM,2026-03-12T04:55:35.259378+00:00,https://en.wikipedia.org/wiki/Darius_Garland
david roddy,David Roddy,DEN,2026-03-12T22:08:14.232239+00:00,https://en.wikipedia.org/wiki/David_Roddy
davion mitchell,Davion Mitchell,MIA|SAC,2026-03-11T00:31:54.160041+00:00,https://en.wikipedia.org/wiki/Davion_Mitchell
de aaron fox,De'Aaron Fox,SAC|SAS,2026-03-12T22:57:32.043139+00:00,https://en.wikipedia.org/wiki/De'Aaron_Fox
de andre hunter,De'Andre Hunter,SAC,2026-03-12T03:46:57.245706+00:00,https://en.wikipedia.org/wiki/De'Andre_Hunter
de anthony melton,De'Anthony Melton,,2026-03-11T04:34:25.398428+00:00,https://en.wikipedia.org/wiki/De'Anthony_Melton
deandre jordan,DeAndre Jordan,DAL|HOU|NOP|SAS,2026-03-12T02:25:56.148510+00:00,https://en.wikipedia.org/wiki/DeAndre_Jordan
demar derozan,DeMar DeRozan,SAC|TOR,2026-03-12T04:10:08.812817+00:00,https://en.wikipedia.org/wiki/DeMar_DeRozan
dean wade,Dean Wade,CLE,2026-03-12T02:07:34.558900+00:00,https://en.wikipedia.org/wiki/Dean_Wade
deandre ayton,Deandre Ayton,LAC|LAL|PHX,2026-03-12T22:57:32.043139+00:00,https://en.wikipedia.org/wiki/Deandre_Ayton
dejounte murray,Dejounte Murray,ATL|NOP|SAS|WAS,2026-03-12T02:22:53.389669+00:00,https://en.wikipedia.org/wiki/Dejounte_Murray
deni avdija,Deni Avdija,POR|WAS,2026-03-11T16:25:01.036235+00:00,https://en.wikipedia.org/wiki/Deni_Avdija
dennis schr der,Dennis Schröder,ATL|CLE,2026-03-12T02:14:32.205967+00:00,https://en.wikipedia.org/wiki/Dennis_Schr%C3%B6der
dereck lively ii,Dereck Lively II,DAL,2026-03-12T08:08:35.654170+00:00,https://en.wikipedia.org/wiki/Dereck_Lively_II
derik queen,Derik Queen,ATL|NOP,2026-03-12T02:25:56.148510+00:00,https://en.wikipedia.org/wiki/Derik_Queen
derrick jones jr,Derrick Jones Jr.,LAC|LAL,2026-03-12T04:55:35.259378+00:00,https://en.wikipedia.org/wiki/Derrick_Jones_Jr.
derrick white,Derrick White,BOS|DEN,2026-03-12T22:57:32.043139+00:00,https://en.wikipedia.org/wiki/Derrick_White
desmond bane,Desmond Bane,BOS|MEM|ORL,2026-03-12T22:57:32.043139+00:00,https://en.wikipedia.org/wiki/Desmond_Bane
devin booker,Devin Booker,PHX,2026-03-12T22:57:32.043139+00:00,https://en.wikipedia.org/wiki/Devin_Booker
devin carter,Devin Carter,SAC,2026-03-12T04:17:02.221588+00:00,https://en.wikipedia.org/wiki/Devin_Carter
devin vassell,Devin Vassell,MIA|ORL|SAS,2026-03-12T22:57:32.043139+00:00,https://en.wikipedia.org/wiki/Devin_Vassell
dillon brooks,Dillon Brooks,HOU|MEM|PHX|POR,2026-03-12T22:05:56.641451+00:00,https://en.wikipedia.org/wiki/Dillon_Brooks
dillon jones,Dillon Jones,BKN|NYK,2026-03-10T03:16:11.320740+00:00,https://en.wikipedia.org/wiki/Dillon_Jones
domantas sabonis,Domantas Sabonis,SAC,2026-03-12T03:46:57.245706+00:00,https://en.wikipedia.org/wiki/Domantas_Sabonis
dominick barlow,Dominick Barlow,PHI,2026-03-12T22:57:32.043139+00:00,https://en.wikipedia.org/wiki/Dominick_Barlow
donovan clingan,Donovan Clingan,POR,2026-03-11T00:31:54.160041+00:00,https://en.wikipedia.org/wiki/Donovan_Clingan
donovan mitchell,Donovan Mitchell,CLE|UTA,2026-03-12T02:07:34.558900+00:00,https://en.wikipedia.org/wiki/Donovan_Mitchell
donte divincenzo,Donte DiVincenzo,MIN,2026-03-12T04:55:35.259378+00:00,https://en.wikipedia.org/wiki/Donte_DiVincenzo
dorian finney smith,Dorian Finney-Smith,BKN|DAL|HOU|LAC,2026-03-12T04:13:17.337228+00:00,https://en.wikipedia.org/wiki/Dorian_Finney-Smith
doug mcdermott,Doug McDermott,SAC,2026-03-12T04:10:08.812817+00:00,https://en.wikipedia.org/wiki/Doug_McDermott
drake powell,Drake Powell,BKN|CHA,2026-03-11T00:31:54.160041+00:00,https://en.wikipedia.org/wiki/Drake_Powell
draymond green,Draymond Green,,2026-03-11T04:34:25.398428+00:00,https://en.wikipedia.org/wiki/Draymond_Green
drew eubanks,Drew Eubanks,POR|SAC,2026-03-12T04:11:31.523295+00:00,https://en.wikipedia.org/wiki/Drew_Eubanks
drew peterson,Drew Peterson,CHI,2026-03-11T16:29:14.154896+00:00,https://en.wikipedia.org/wiki/Drew_Peterson
drew timme,Drew Timme,LAC|LAL,2026-03-11T04:34:25.398428+00:00,https://en.wikipedia.org/wiki/Drew_Timme
dru smith,Dru Smith,MIA,2026-03-10T23:36:01.050229+00:00,https://en.wikipedia.org/wiki/Dru_Smith
duncan robinson,Duncan Robinson,DET,2026-03-12T22:57:32.043139+00:00,https://en.wikipedia.org/wiki/Duncan_Robinson
dwight powell,Dwight Powell,DAL,2026-03-12T08:39:37.881196+00:00,https://en.wikipedia.org/wiki/Dwight_Powell
dylan cardwell,Dylan Cardwell,SAC,2026-03-12T04:10:08.812817+00:00,https://en.wikipedia.org/wiki/Dylan_Cardwell
dylan harper,Dylan Harper,SAS,2026-03-11T00:31:54.160041+00:00,https://en.wikipedia.org/wiki/Dylan_Harper
dyson daniels,Dyson Daniels,ATL|NOP,2026-03-11T00:31:54.160041+00:00,https://en.wikipedia.org/wiki/Dyson_Daniels
e j liddell,E.J. Liddell,BKN|CLE,2026-03-10T23:04:33.231321+00:00,https://en.wikipedia.org/wiki/E._J._Liddell
egor d min,Egor Dëmin,BKN,2026-03-10T13:34:48.187103+00:00,https://en.wikipedia.org/wiki/Egor_D%C3%ABmin
elijah harkless,Elijah Harkless,OKC|UTA,2026-03-12T03:27:26.541410+00:00,https://en.wikipedia.org/wiki/Elijah_Harkless
emanuel miller,Emanuel Miller,,2026-03-12T06:07:15.653423+00:00,https://en.wikipedia.org/wiki/Emanuel_Miller
enrique freeman,Enrique Freeman,MIN,2026-03-12T04:48:30.400734+00:00,https://en.wikipedia.org/wiki/Enrique_Freeman
eric gordon,Eric Gordon,CHI|IND|PHI,2026-03-12T05:36:40.916716+00:00,https://en.wikipedia.org/wiki/Eric_Gordon
ethan thompson,Ethan Thompson,IND|POR,2026-03-12T22:57:32.043139+00:00,https://en.wikipedia.org/wiki/Ethan_Thompson
evan mobley,Evan Mobley,CLE,2026-03-12T02:07:34.558900+00:00,https://en.wikipedia.org/wiki/Evan_Mobley
franz wagner,Franz Wagner,DET|ORL,2026-03-12T05:36:40.916716+00:00,https://en.wikipedia.org/wiki/Franz_Wagner
gg jackson,GG Jackson,MEM,2026-03-11T00:31:54.160041+00:00,https://en.wikipedia.org/wiki/GG_Jackson
gabe vincent,Gabe Vincent,ATL|LAC|LAL|MIA,2026-03-10T23:36:01.050229+00:00,https://en.wikipedia.org/wiki/Gabe_Vincent
garrett temple,Garrett Temple,TOR,2026-03-12T02:15:16.010522+00:00,https://en.wikipedia.org/wiki/Garrett_Temple
garrison mathews,Garrison Mathews,IND,2026-03-12T05:17:06.631629+00:00,https://en.wikipedia.org/wiki/Garrison_Mathews
gary harris,Gary Harris,DET|MIL,2026-03-12T23:01:01.155017+00:00,https://en.wikipedia.org/wiki/Gary_Harris
gary payton ii,Gary Payton II,POR,2026-03-11T04:34:25.398428+00:00,https://en.wikipedia.org/wiki/Gary_Payton_II
gary trent jr,Gary Trent Jr.,MIL,2026-03-12T23:01:01.155017+00:00,https://en.wikipedia.org/wiki/Gary_Trent_Jr.
giannis antetokounmpo,Giannis Antetokounmpo,MIL,2026-03-12T22:57:32.043139+00:00,https://en.wikipedia.org/wiki/Giannis_Antetokounmpo
goga bitadze,Goga Bitadze,IND|ORL,2026-03-12T22:57:32.043139+00:00,https://en.wikipedia.org/wiki/Goga_Bitadze
gradey dick,Gradey Dick,TOR,2026-03-12T02:25:56.148510+00:00,https://en.wikipedia.org/wiki/Gradey_Dick
grant williams,Grant Williams,BOS|CHA|DAL|MEM,2026-03-12T01:18:15.863257+00:00,https://en.wikipedia.org/wiki/Grant_Williams_(basketball)
grayson allen,Grayson Allen,MEM|MIL|PHX|UTA,2026-03-12T22:04:43.337500+00:00,https://en.wikipedia.org/wiki/Grayson_Allen
guerschon yabusele,Guerschon Yabusele,CHI,2026-03-12T22:57:32.043139+00:00,https://en.wikipedia.org/wiki/Guerschon_Yabusele
gui santos,Gui Santos,,2026-03-11T04:34:25.398428+00:00,https://en.wikipedia.org/wiki/Gui_Santos
harrison barnes,Harrison Barnes,CHA|SAS,2026-03-09T02:36:37.895684+00:00,https://en.wikipedia.org/wiki/Harrison_Barnes
haywood highsmith,Haywood Highsmith,PHX,2026-03-12T22:57:32.043139+00:00,https://en.wikipedia.org/wiki/Haywood_Highsmith
herbert jones,Herbert Jones,NOP,2026-03-12T02:22:53.389669+00:00,https://en.wikipedia.org/wiki/Herbert_Jones_(basketball)
hugo gonz lez,Hugo González,BOS,2026-03-10T23:57:49.022445+00:00,https://en.wikipedia.org/wiki/Hugo_Gonz%C3%A1lez_(basketball)
hunter dickinson,Hunter Dickinson,DET|NOP,2026-03-11T16:28:31.743994+00:00,https://en.wikipedia.org/wiki/Hunter_Dickinson
hunter sallis,Hunter Sallis,,2026-03-12T08:39:37.881196+00:00,https://en.wikipedia.org/wiki/Hunter_Sallis
hunter tyson,Hunter Tyson,DEN,2026-03-12T22:08:14.232239+00:00,https://en.wikipedia.org/wiki/Hunter_Tyson
immanuel quickley,Immanuel Quickley,BKN|NYK|OKC|TOR,2026-03-12T02:22:53.389669+00:00,https://en.wikipedia.org/wiki/Immanuel_Quickley
isaac okoro,Isaac Okoro,CHI,2026-03-12T22:57:32.043139+00:00,https://en.wikipedia.org/wiki/Isaac_Okoro
isaiah collier,Isaiah Collier,UTA,2026-03-12T03:24:23.136791+00:00,https://en.wikipedia.org/wiki/Isaiah_Collier
isaiah crawford,Isaiah Crawford,HOU|NOP,2026-03-12T04:17:02.221588+00:00,https://en.wikipedia.org/wiki/Isaiah_Crawford
isaiah hartenstein,Isaiah Hartenstein,OKC,2026-03-12T22:40:14.035766+00:00,https://en.wikipedia.org/wiki/Isaiah_Hartenstein
isaiah jackson,Isaiah Jackson,IND|LAC|LAL,2026-03-12T04:55:35.259378+00:00,https://en.wikipedia.org/wiki/Isaiah_Jackson_(basketball)
isaiah joe,Isaiah Joe,OKC,2026-03-12T22:57:32.043139+00:00,https://en.wikipedia.org/wiki/Isaiah_Joe
isaiah livers,Isaiah Livers,DET|PHX,2026-03-12T22:57:32.043139+00:00,https://en.wikipedia.org/wiki/Isaiah_Livers
isaiah stevens,Isaiah Stevens,DEN|SAC,2026-03-12T01:03:12.890496+00:00,https://en.wikipedia.org/wiki/Isaiah_Stevens
isaiah stewart,Isaiah Stewart,DET|WAS,2026-03-12T22:53:22.762786+00:00,https://en.wikipedia.org/wiki/Isaiah_Stewart
ivica zubac,Ivica Zubac,IND|LAC|LAL,2026-03-12T04:55:35.259378+00:00,https://en.wikipedia.org/wiki/Ivica_Zubac
jd davison,JD Davison,HOU,2026-03-12T04:18:14.764822+00:00,https://en.wikipedia.org/wiki/JD_Davison
ja morant,Ja Morant,MEM,2026-03-12T22:40:14.035766+00:00,https://en.wikipedia.org/wiki/Ja_Morant
ja kobe walter,Ja'Kobe Walter,TOR,2026-03-12T02:25:56.148510+00:00,https://en.wikipedia.org/wiki/Ja'Kobe_Walter
jabari smith jr,Jabari Smith Jr.,HOU,2026-03-12T04:10:08.812817+00:00,https://en.wikipedia.org/wiki/Jabari_Smith_Jr.
jabari walker,Jabari Walker,DEN|GSW|LAC|LAL,2026-03-12T22:53:22.762786+00:00,https://en.wikipedia.org/wiki/Jabari_Walker
jaden hardy,Jaden Hardy,WAS,2026-03-10T23:36:01.050229+00:00,https://en.wikipedia.org/wiki/Jaden_Hardy
jaden ivey,Jaden Ivey,CHI,2026-03-12T06:07:15.653423+00:00,https://en.wikipedia.org/wiki/Jaden_Ivey
jaden mcdaniels,Jaden McDaniels,MIN|WAS,2026-03-12T04:55:35.259378+00:00,https://en.wikipedia.org/wiki/Jaden_McDaniels
jae sean tate,Jae'Sean Tate,CLE|HOU,2026-03-12T04:18:14.764822+00:00,https://en.wikipedia.org/wiki/Jae'Sean_Tate
jahmai mashack,Jahmai Mashack,HOU|MEM,2026-03-12T21:51:37.651157+00:00,https://en.wikipedia.org/wiki/Jahmai_Mashack
jahmyl telfort,Jahmyl Telfort,LAC|LAL,2026-03-11T22:09:27.749506+00:00,https://en.wikipedia.org/wiki/Jahmyl_Telfort
jaime jaquez jr,Jaime Jaquez Jr.,MIA,2026-03-11T13:49:30.262811+00:00,https://en.wikipedia.org/wiki/Jaime_Jaquez_Jr.
jake laravia,Jake LaRavia,IND|LAC|LAL,2026-03-11T04:34:25.398428+00:00,https://en.wikipedia.org/wiki/Jake_LaRavia
jakob poeltl,Jakob Poeltl,TOR|UTA,2026-03-12T02:22:53.389669+00:00,https://en.wikipedia.org/wiki/Jakob_P%C3%B6ltl
jalen brunson,Jalen Brunson,BKN|DAL|NYK,2026-03-12T03:24:23.136791+00:00,https://en.wikipedia.org/wiki/Jalen_Brunson
jalen duren,Jalen Duren,DET|MEM,2026-03-11T16:25:01.036235+00:00,https://en.wikipedia.org/wiki/Jalen_Duren
jalen green,Jalen Green,GSW|HOU|LAC|LAL,2026-03-12T22:57:32.043139+00:00,https://en.wikipedia.org/wiki/Jalen_Green
jalen johnson,Jalen Johnson,ATL|MIL,2026-03-11T16:25:01.036235+00:00,https://en.wikipedia.org/wiki/Jalen_Johnson
jalen pickett,Jalen Pickett,CLE|DEN,2026-03-12T22:08:14.232239+00:00,https://en.wikipedia.org/wiki/Jalen_Pickett
jalen slawson,Jalen Slawson,IND,2026-03-12T22:57:32.043139+00:00,https://en.wikipedia.org/wiki/Jalen_Slawson
jalen smith,Jalen Smith,CHI,2026-03-12T22:57:32.043139+00:00,https://en.wikipedia.org/wiki/Jalen_Smith
jalen suggs,Jalen Suggs,ORL,2026-03-12T02:07:34.558900+00:00,https://en.wikipedia.org/wiki/Jalen_Suggs
jalen williams,Jalen Williams,OKC,2026-03-12T22:40:14.035766+00:00,https://en.wikipedia.org/wiki/Jalen_Williams
jalen wilson,Jalen Wilson,BKN,2026-03-10T23:36:01.050229+00:00,https://en.wikipedia.org/wiki/Jalen_Wilson
jamal cain,Jamal Cain,GSW|ORL,2026-03-11T22:33:50.004600+00:00,https://en.wikipedia.org/wiki/Jamal_Cain
jamal murray,Jamal Murray,DEN|TOR,2026-03-12T22:57:32.043139+00:00,https://en.wikipedia.org/wiki/Jamal_Murray
jamal shead,Jamal Shead,HOU|TOR,2026-03-12T02:25:56.148510+00:00,https://en.wikipedia.org/wiki/Jamal_Shead
jamaree bouyea,Jamaree Bouyea,GSW|PHX,2026-03-12T22:57:32.043139+00:00,https://en.wikipedia.org/wiki/Jamaree_Bouyea
james harden,James Harden,CLE,2026-03-12T02:07:34.558900+00:00,https://en.wikipedia.org/wiki/James_Harden
james wiseman,James Wiseman,IND|MEM,2026-03-12T05:17:06.631629+00:00,https://en.wikipedia.org/wiki/James_Wiseman
jamir watkins,Jamir Watkins,MIA|ORL|WAS,2026-03-10T23:36:01.050229+00:00,https://en.wikipedia.org/wiki/Jamir_Watkins
jamison battle,Jamison Battle,CLE|MIN|TOR|WAS,2026-03-12T02:25:56.148510+00:00,https://en.wikipedia.org/wiki/Jamison_Battle
jarace walker,Jarace Walker,HOU|IND|WAS,2026-03-12T22:57:32.043139+00:00,https://en.wikipedia.org/wiki/Jarace_Walker
jared mccain,Jared McCain,OKC|PHI,2026-03-11T17:02:59.072700+00:00,https://en.wikipedia.org/wiki/Jared_McCain
jaren jackson jr,Jaren Jackson Jr.,DET|MEM|UTA,2026-03-11T23:56:55.711176+00:00,https://en.wikipedia.org/wiki/Jaren_Jackson_Jr.
jarred vanderbilt,Jarred Vanderbilt,DEN|LAC|LAL,2026-03-11T04:34:25.398428+00:00,https://en.wikipedia.org/wiki/Jarred_Vanderbilt
jarrett allen,Jarrett Allen,BKN|CLE|DAL|HOU,2026-03-11T22:24:51.377386+00:00,https://en.wikipedia.org/wiki/Jarrett_Allen
jase richardson,Jase Richardson,DET|ORL,2026-03-11T23:56:55.711176+00:00,https://en.wikipedia.org/wiki/Jase_Richardson
javon small,Javon Small,MEM|OKC,2026-03-12T22:57:32.043139+00:00,https://en.wikipedia.org/wiki/Javon_Small
javonte green,Javonte Green,DET,2026-03-12T22:53:22.762786+00:00,https://en.wikipedia.org/wiki/Javonte_Green
jaxson hayes,Jaxson Hayes,DAL|HOU|LAC|LAL,2026-03-11T04:34:25.398428+00:00,https://en.wikipedia.org/wiki/Jaxson_Hayes
jay huff,Jay Huff,DEN|IND|LAC|LAL,2026-03-12T22:57:32.043139+00:00,https://en.wikipedia.org/wiki/Jay_Huff
jaylen brown,Jaylen Brown,BOS|GSW|LAC|LAL,2026-03-12T22:57:32.043139+00:00,https://en.wikipedia.org/wiki/Jaylen_Brown
jaylen clark,Jaylen Clark,MIN,2026-03-12T04:47:49.294612+00:00,https://en.wikipedia.org/wiki/Jaylen_Clark
jaylen wells,Jaylen Wells,MEM|WAS,2026-03-12T22:57:32.043139+00:00,https://en.wikipedia.org/wiki/Jaylen_Wells
jaylin williams,Jaylin Williams,,2026-03-12T22:57:32.043139+00:00,wikipedia
jaylon tyson,Jaylon Tyson,CLE|DAL|GSW|HOU,2026-03-12T02:14:32.205967+00:00,https://en.wikipedia.org/wiki/Jaylon_Tyson
jayson tatum,Jayson Tatum,BOS,2026-03-12T22:57:32.043139+00:00,https://en.wikipedia.org/wiki/Jayson_Tatum
jeff green,Jeff Green,HOU,2026-03-12T04:17:02.221588+00:00,https://en.wikipedia.org/wiki/Jeff_Green_(basketball)
jerami grant,Jerami Grant,DEN|DET|HOU|OKC,2026-03-11T16:25:01.036235+00:00,https://en.wikipedia.org/wiki/Jerami_Grant
jeremiah fears,Jeremiah Fears,NOP|OKC,2026-03-12T02:25:56.148510+00:00,https://en.wikipedia.org/wiki/Jeremiah_Fears
jeremiah robinson earl,Jeremiah Robinson-Earl,DAL|HOU|SAS,2026-03-12T21:50:47.178602+00:00,https://en.wikipedia.org/wiki/Jeremiah_Robinson-Earl
jeremy sochan,Jeremy Sochan,BKN|LAC|LAL|NYK,2026-03-12T03:25:27.853291+00:00,https://en.wikipedia.org/wiki/Jeremy_Sochan
jericho sims,Jericho Sims,DAL|HOU|MIL|SAS,2026-03-12T22:57:32.043139+00:00,https://en.wikipedia.org/wiki/Jericho_Sims
jett howard,Jett Howard,DET|ORL,2026-03-12T02:14:32.205967+00:00,https://en.wikipedia.org/wiki/Jett_Howard
jevon carter,Jevon Carter,ORL,2026-03-12T02:14:32.205967+00:00,https://en.wikipedia.org/wiki/Jevon_Carter
jimmy butler iii,Jimmy Butler III,,2026-03-11T16:25:01.036235+00:00,https://en.wikipedia.org/wiki/Jimmy_Butler
joan beringer,Joan Beringer,MIN,2026-03-12T04:48:30.400734+00:00,https://en.wikipedia.org/wiki/Joan_Beringer
jock landale,Jock Landale,ATL,2026-03-11T00:31:54.160041+00:00,https://en.wikipedia.org/wiki/Jock_Landale
joe ingles,Joe Ingles,MIN|UTA,2026-03-12T04:48:30.400734+00:00,https://en.wikipedia.org/wiki/Joe_Ingles
joel embiid,Joel Embiid,PHI,2026-03-12T22:05:56.641451+00:00,https://en.wikipedia.org/wiki/Joel_Embiid
john collins,John Collins,ATL|LAC|LAL,2026-03-12T04:48:30.400734+00:00,https://en.wikipedia.org/wiki/John_Collins_(basketball)
john konchar,John Konchar,UTA,2026-03-11T23:56:55.711176+00:00,https://en.wikipedia.org/wiki/John_Konchar
john poulakidas,John Poulakidas,DAL|HOU|SAS,2026-03-12T08:08:35.654170+00:00,https://en.wikipedia.org/wiki/John_Poulakidas
johni broome,Johni Broome,PHI,2026-03-09T23:13:16.929868+00:00,https://en.wikipedia.org/wiki/Johni_Broome
johnny furphy,Johnny Furphy,IND|SAS,2026-03-12T22:05:56.641451+00:00,https://en.wikipedia.org/wiki/Johnny_Furphy
johnny juzang,Johnny Juzang,,2026-03-11T19:54:00.538270+00:00,https://en.wikipedia.org/wiki/Johnny_Juzang
jonas valan i nas,Jonas Valančiūnas,DEN|MEM|NOP|SAC,2026-03-12T22:40:14.035766+00:00,https://en.wikipedia.org/wiki/Jonas_Valan%C4%8Di%C5%ABnas
jonathan isaac,Jonathan Isaac,MIA|ORL,2026-03-11T23:56:55.711176+00:00,https://en.wikipedia.org/wiki/Jonathan_Isaac
jonathan mogbo,Jonathan Mogbo,GSW|OKC|TOR,2026-03-12T02:15:16.010522+00:00,https://en.wikipedia.org/wiki/Jonathan_Mogbo
jordan clarkson,Jordan Clarkson,BKN|LAC|LAL|NYK,2026-03-12T03:30:54.398649+00:00,https://en.wikipedia.org/wiki/Jordan_Clarkson
jordan goodwin,Jordan Goodwin,PHX,2026-03-12T22:57:32.043139+00:00,https://en.wikipedia.org/wiki/Jordan_Goodwin
jordan hawkins,Jordan Hawkins,NOP,2026-03-12T02:15:16.010522+00:00,https://en.wikipedia.org/wiki/Jordan_Hawkins
jordan mclaughlin,Jordan McLaughlin,SAS,2026-03-10T23:57:49.022445+00:00,https://en.wikipedia.org/wiki/Jordan_McLaughlin
jordan miller,Jordan Miller,LAC|LAL|MIA,2026-03-12T04:55:35.259378+00:00,https://en.wikipedia.org/wiki/Jordan_Miller_(basketball)
jordan poole,Jordan Poole,DET|NOP,2026-03-12T02:15:16.010522+00:00,https://en.wikipedia.org/wiki/Jordan_Poole
jordan walsh,Jordan Walsh,BOS,2026-03-10T23:57:49.022445+00:00,https://en.wikipedia.org/wiki/Jordan_Walsh
jose alvarado,Jose Alvarado,ATL|BKN|NOP|NYK,2026-03-12T03:30:54.398649+00:00,https://en.wikipedia.org/wiki/Jose_Alvarado_(basketball)
josh giddey,Josh Giddey,CHI|OKC,2026-03-12T22:57:32.043139+00:00,https://en.wikipedia.org/wiki/Josh_Giddey
josh green,Josh Green,CHA|PHX,2026-03-12T04:10:08.812817+00:00,https://en.wikipedia.org/wiki/Josh_Green_(basketball)
josh hart,Josh Hart,BKN|NYK,2026-03-11T23:56:55.711176+00:00,https://en.wikipedia.org/wiki/Josh_Hart
josh minott,Josh Minott,BKN|MEM,2026-03-10T23:36:01.050229+00:00,https://en.wikipedia.org/wiki/Josh_Minott
josh okogie,Josh Okogie,ATL|HOU|MIN|PHX,2026-03-12T04:11:31.523295+00:00,https://en.wikipedia.org/wiki/Josh_Okogie
jrue holiday,Jrue Holiday,PHI|POR,2026-03-11T16:25:01.036235+00:00,https://en.wikipedia.org/wiki/Jrue_Holiday
julian champagnie,Julian Champagnie,SAS,2026-03-12T22:57:32.043139+00:00,https://en.wikipedia.org/wiki/Julian_Champagnie
julian phillips,Julian Phillips,MEM|MIN,2026-03-12T04:48:30.400734+00:00,https://en.wikipedia.org/wiki/Julian_Phillips_(basketball)
julian reese,Julian Reese,WAS,2026-03-10T23:36:01.050229+00:00,https://en.wikipedia.org/wiki/Julian_Reese
julian strawther,Julian Strawther,DEN,2026-03-12T22:08:14.232239+00:00,https://en.wikipedia.org/wiki/Julian_Strawther
julius randle,Julius Randle,MIN,2026-03-12T04:55:35.259378+00:00,https://en.wikipedia.org/wiki/Julius_Randle
justin champagnie,Justin Champagnie,WAS,2026-03-10T23:36:01.050229+00:00,https://en.wikipedia.org/wiki/Justin_Champagnie
justin edwards,Justin Edwards,,2026-03-10T23:04:33.231321+00:00,wikipedia
jusuf nurki,Jusuf Nurkić,CHA|CHI|DEN|PHX,2026-03-11T23:56:55.711176+00:00,https://en.wikipedia.org/wiki/Jusuf_Nurki%C4%87
kj simpson,KJ Simpson,DEN,2026-03-12T22:08:14.232239+00:00,https://en.wikipedia.org/wiki/KJ_Simpson
kam jones,Kam Jones,IND,2026-03-12T22:57:32.043139+00:00,https://en.wikipedia.org/wiki/Kam_Jones
karl anthony towns,Karl-Anthony Towns,BKN|MIN|NYK,2026-03-12T03:24:23.136791+00:00,https://en.wikipedia.org/wiki/Karl-Anthony_Towns
karlo matkovi,Karlo Matković,NOP,2026-03-12T02:25:56.148510+00:00,https://en.wikipedia.org/wiki/Karlo_Matkovi%C4%87
kasparas jaku ionis,Kasparas Jakučionis,CHI|MIA,2026-03-11T00:31:54.160041+00:00,https://en.wikipedia.org/wiki/Kasparas_Jaku%C4%8Dionis
kawhi leonard,Kawhi Leonard,LAC|LAL,2026-03-12T04:55:35.259378+00:00,https://en.wikipedia.org/wiki/Kawhi_Leonard
keaton wallace,Keaton Wallace,ATL,2026-03-10T23:04:33.231321+00:00,https://en.wikipedia.org/wiki/Keaton_Wallace
keegan murray,Keegan Murray,SAC,2026-03-12T04:10:08.812817+00:00,https://en.wikipedia.org/wiki/Keegan_Murray
kel el ware,Kel'el Ware,IND|MIA|POR,2026-03-10T23:36:01.050229+00:00,https://en.wikipedia.org/wiki/Kel'el_Ware
keldon johnson,Keldon Johnson,SAS,2026-03-12T21:51:37.651157+00:00,https://en.wikipedia.org/wiki/Keldon_Johnson
kelly olynyk,Kelly Olynyk,BOS|DAL|DET|HOU,2026-03-10T23:57:49.022445+00:00,https://en.wikipedia.org/wiki/Kelly_Olynyk
kelly oubre jr,Kelly Oubre Jr.,ATL|CHA|PHI|PHX,2026-03-12T22:05:56.641451+00:00,https://en.wikipedia.org/wiki/Kelly_Oubre_Jr.
kenrich williams,Kenrich Williams,NOP|OKC,2026-03-11T17:02:59.072700+00:00,https://en.wikipedia.org/wiki/Kenrich_Williams
kentavious caldwell pope,Kentavious Caldwell-Pope,ATL|MEM,2026-03-12T05:17:06.631629+00:00,https://en.wikipedia.org/wiki/Kentavious_Caldwell-Pope
keon ellis,Keon Ellis,CLE|MIA|ORL,2026-03-12T02:10:47.330905+00:00,https://en.wikipedia.org/wiki/Keon_Ellis
keshad johnson,Keshad Johnson,MIA|PHX,2026-03-10T23:04:33.231321+00:00,https://en.wikipedia.org/wiki/Keshad_Johnson
kevin durant,Kevin Durant,HOU,2026-03-12T04:10:08.812817+00:00,https://en.wikipedia.org/wiki/Kevin_Durant
kevin huerter,Kevin Huerter,DET,2026-03-12T22:53:22.762786+00:00,https://en.wikipedia.org/wiki/Kevin_Huerter
kevin love,Kevin Love,CLE|UTA,2026-03-12T03:27:26.541410+00:00,https://en.wikipedia.org/wiki/Kevin_Love
kevin mccullar jr,Kevin McCullar Jr.,BKN|DAL|HOU|NYK,2026-03-12T03:16:51.627554+00:00,https://en.wikipedia.org/wiki/Kevin_McCullar_Jr.
kevin porter jr,Kevin Porter Jr.,MIL,2026-03-12T22:57:32.043139+00:00,https://en.wikipedia.org/wiki/Kevin_Porter_Jr.
kevon looney,Kevon Looney,NOP,2026-03-12T02:15:16.010522+00:00,https://en.wikipedia.org/wiki/Kevon_Looney
keyonte george,Keyonte George,UTA,2026-03-12T03:24:23.136791+00:00,https://en.wikipedia.org/wiki/Keyonte_George
khaman maluach,Khaman Maluach,PHX,2026-03-12T22:57:32.043139+00:00,https://en.wikipedia.org/wiki/Khaman_Maluach
khris middleton,Khris Middleton,DAL|MIL,2026-03-11T00:19:10.996422+00:00,https://en.wikipedia.org/wiki/Khris_Middleton
killian hayes,Killian Hayes,DET|MIA|ORL|SAC,2026-03-12T04:10:08.812817+00:00,https://en.wikipedia.org/wiki/Killian_Hayes
klay thompson,Klay Thompson,DAL,2026-03-11T00:31:54.160041+00:00,https://en.wikipedia.org/wiki/Klay_Thompson
kobe brown,Kobe Brown,IND|LAC|LAL,2026-03-12T22:57:32.043139+00:00,https://en.wikipedia.org/wiki/Kobe_Brown
kobe bufkin,Kobe Bufkin,ATL|DET|LAC|LAL,2026-03-11T04:34:25.398428+00:00,https://en.wikipedia.org/wiki/Kobe_Bufkin
kobe sanders,Kobe Sanders,LAC|LAL,2026-03-12T04:55:35.259378+00:00,https://en.wikipedia.org/wiki/Kobe_Sanders
koby brea,Koby Brea,PHX,2026-03-12T22:04:43.337500+00:00,https://en.wikipedia.org/wiki/Koby_Brea
kon knueppel,Kon Knueppel,CHA,2026-03-12T04:10:08.812817+00:00,https://en.wikipedia.org/wiki/Kon_Knueppel
kris dunn,Kris Dunn,ATL|CHI|LAC|LAL,2026-03-12T04:55:35.259378+00:00,https://en.wikipedia.org/wiki/Kris_Dunn
kris murray,Kris Murray,POR|SAC,2026-03-09T00:13:13.433999+00:00,https://en.wikipedia.org/wiki/Kris_Murray
kristaps porzi is,Kristaps Porziņģis,,2026-03-11T16:25:01.036235+00:00,https://en.wikipedia.org/wiki/Kristaps_Porzi%C5%86%C4%A3is
kyle anderson,Kyle Anderson,MIN|SAS,2026-03-12T05:00:37.215662+00:00,https://en.wikipedia.org/wiki/Kyle_Anderson_(basketball)
kyle filipowski,Kyle Filipowski,UTA,2026-03-12T03:24:23.136791+00:00,https://en.wikipedia.org/wiki/Kyle_Filipowski
kyle kuzma,Kyle Kuzma,LAC|LAL|MIL|UTA,2026-03-12T22:57:32.043139+00:00,https://en.wikipedia.org/wiki/Kyle_Kuzma
kyle lowry,Kyle Lowry,PHI|TOR,2026-03-12T22:53:22.762786+00:00,https://en.wikipedia.org/wiki/Kyle_Lowry
kyshawn george,Kyshawn George,MIA|WAS,2026-03-11T07:43:10.631531+00:00,https://en.wikipedia.org/wiki/Kyshawn_George
lj cryer,LJ Cryer,HOU,2026-03-11T04:34:25.398428+00:00,https://en.wikipedia.org/wiki/LJ_Cryer
lamelo ball,LaMelo Ball,CHA,2026-03-12T04:10:08.812817+00:00,https://en.wikipedia.org/wiki/LaMelo_Ball
lachlan olbrich,Lachlan Olbrich,CHI,2026-03-12T21:51:37.651157+00:00,https://en.wikipedia.org/wiki/Lachlan_Olbrich
landry shamet,Landry Shamet,BKN|LAC|LAL|NYK,2026-03-12T03:24:23.136791+00:00,https://en.wikipedia.org/wiki/Landry_Shamet
larry nance jr,Larry Nance Jr.,ATL|CLE|LAC|LAL,2026-03-12T00:59:19.123422+00:00,https://en.wikipedia.org/wiki/Larry_Nance_Jr.
lauri markkanen,Lauri Markkanen,UTA,2026-03-11T23:56:55.711176+00:00,https://en.wikipedia.org/wiki/Lauri_Markkanen
lawson lovering,Lawson Lovering,DEN|MEM|UTA,2026-03-12T22:57:32.043139+00:00,https://en.wikipedia.org/wiki/Lawson_Lovering
lebron james,LeBron James,LAC|LAL,2026-03-12T22:57:32.043139+00:00,https://en.wikipedia.org/wiki/LeBron_James
leaky black,Leaky Black,CHA|WAS,2026-03-10T22:20:51.688193+00:00,https://en.wikipedia.org/wiki/Leaky_Black
leonard miller,Leonard Miller,CHI,2026-03-12T22:57:32.043139+00:00,https://en.wikipedia.org/wiki/Leonard_Miller_(basketball)
liam mcneeley,Liam McNeeley,CHA,2026-03-12T01:18:15.863257+00:00,https://en.wikipedia.org/wiki/Liam_McNeeley
lindy waters iii,Lindy Waters III,OKC|SAS,2026-03-08T23:19:17.487345+00:00,https://en.wikipedia.org/wiki/Lindy_Waters_III
lonzo ball,Lonzo Ball,CLE|LAC|LAL,2026-03-11T16:25:51.525425+00:00,https://en.wikipedia.org/wiki/Lonzo_Ball
luguentz dort,Luguentz Dort,OKC|PHX,2026-03-12T22:57:32.043139+00:00,https://en.wikipedia.org/wiki/Luguentz_Dort
luka don i,Luka Dončić,LAC|LAL,2026-03-12T22:57:32.043139+00:00,https://en.wikipedia.org/wiki/Luka_Don%C4%8Di%C4%87
luka garza,Luka Garza,BOS,2026-03-10T23:57:49.022445+00:00,https://en.wikipedia.org/wiki/Luka_Garza
luke kennard,Luke Kennard,ATL|DET|LAC|LAL,2026-03-11T04:34:25.398428+00:00,https://en.wikipedia.org/wiki/Luke_Kennard
luke kornet,Luke Kornet,BOS|SAS,2026-03-10T23:57:49.022445+00:00,https://en.wikipedia.org/wiki/Luke_Kornet
luke travers,Luke Travers,CLE,2026-03-11T16:25:51.525425+00:00,https://en.wikipedia.org/wiki/Luke_Travers
mac mcclung,Mac McClung,CHI|DAL|HOU|SAS,2026-03-12T06:07:15.653423+00:00,https://en.wikipedia.org/wiki/Mac_McClung
malevy leons,Malevy Leons,,2026-03-11T04:34:25.398428+00:00,https://en.wikipedia.org/wiki/Malevy_Leons
malik monk,Malik Monk,CHA|LAC|LAL|SAC,2026-03-12T01:18:15.863257+00:00,https://en.wikipedia.org/wiki/Malik_Monk
marjon beauchamp,MarJon Beauchamp,PHI,2026-03-12T22:53:22.762786+00:00,https://en.wikipedia.org/wiki/MarJon_Beauchamp
marcus sasser,Marcus Sasser,DET|HOU,2026-03-12T22:57:32.043139+00:00,https://en.wikipedia.org/wiki/Marcus_Sasser
marcus smart,Marcus Smart,LAC|LAL|OKC,2026-03-12T22:57:32.043139+00:00,https://en.wikipedia.org/wiki/Marcus_Smart
mark sears,Mark Sears,CLE|MIL,2026-03-12T05:17:06.631629+00:00,https://en.wikipedia.org/wiki/Mark_Sears
mark williams,Mark Williams,CHA|LAC|LAL|PHX,2026-03-12T22:05:56.641451+00:00,https://en.wikipedia.org/wiki/Mark_Williams_(basketball)
marvin bagley iii,Marvin Bagley III,DAL,2026-03-12T21:50:47.178602+00:00,https://en.wikipedia.org/wiki/Marvin_Bagley_III
matas buzelis,Matas Buzelis,CHI,2026-03-12T22:57:32.043139+00:00,https://en.wikipedia.org/wiki/Matas_Buzelis
matisse thybulle,Matisse Thybulle,BOS|PHI|POR,2026-03-09T00:13:13.433999+00:00,https://en.wikipedia.org/wiki/Matisse_Thybulle
max christie,Max Christie,DAL|DET,2026-03-12T22:57:32.043139+00:00,https://en.wikipedia.org/wiki/Max_Christie
max shulga,Max Shulga,BOS|ORL|UTA,2026-03-12T04:39:34.194685+00:00,https://en.wikipedia.org/wiki/Max_Shulga
maxi kleber,Maxi Kleber,DAL|LAC|LAL,2026-03-12T08:08:35.654170+00:00,https://en.wikipedia.org/wiki/Maxi_Kleber
maxime raynaud,Maxime Raynaud,SAC,2026-03-12T04:10:08.812817+00:00,https://en.wikipedia.org/wiki/Maxime_Raynaud
micah peavy,Micah Peavy,DAL|HOU|NOP|SAS,2026-03-12T02:21:40.087442+00:00,https://en.wikipedia.org/wiki/Micah_Peavy
micah potter,Micah Potter,CLE|IND|MIL,2026-03-12T22:57:32.043139+00:00,https://en.wikipedia.org/wiki/Micah_Potter
michael porter jr,Michael Porter Jr.,BKN|DEN,2026-03-11T16:25:01.036235+00:00,https://en.wikipedia.org/wiki/Michael_Porter_Jr.
mikal bridges,Mikal Bridges,BKN|NYK,2026-03-12T03:24:23.136791+00:00,https://en.wikipedia.org/wiki/Mikal_Bridges
mike conley,Mike Conley,MEM|MIN,2026-03-12T04:47:49.294612+00:00,https://en.wikipedia.org/wiki/Mike_Conley_Jr.
miles bridges,Miles Bridges,CHA|DET|LAC|LAL,2026-03-12T04:10:08.812817+00:00,https://en.wikipedia.org/wiki/Miles_Bridges
miles kelly,Miles Kelly,ATL|DAL|HOU|SAS,2026-03-12T07:38:16.667438+00:00,https://en.wikipedia.org/wiki/Miles_Kelly
miles mcbride,Miles McBride,BKN|NYK,2026-03-11T13:53:04.263844+00:00,https://en.wikipedia.org/wiki/Miles_McBride
mitchell robinson,Mitchell Robinson,BKN|NYK,2026-03-12T03:27:26.541410+00:00,https://en.wikipedia.org/wiki/Mitchell_Robinson
mo bamba,Mo Bamba,DAL|HOU|PHI|SAS,2026-03-12T03:16:51.627554+00:00,https://en.wikipedia.org/wiki/Mo_Bamba
mohamed diawara,Mohamed Diawara,BKN|NYK,2026-03-12T03:27:26.541410+00:00,https://en.wikipedia.org/wiki/Mohamed_Diawara
mont morris,Monté Morris,,2026-03-12T04:39:34.194685+00:00,https://en.wikipedia.org/wiki/Mont%C3%A9_Morris
moritz wagner,Moritz Wagner,DET|LAC|LAL|ORL,2026-03-12T02:10:47.330905+00:00,https://en.wikipedia.org/wiki/Moritz_Wagner_(basketball)
moses moody,Moses Moody,,2026-03-11T04:34:25.398428+00:00,https://en.wikipedia.org/wiki/Moses_Moody
mouhamed gueye,Mouhamed Gueye,ATL|CHA|WAS,2026-03-10T23:36:01.050229+00:00,https://en.wikipedia.org/wiki/Mouhamed_Gueye
moussa cisse,Moussa Cisse,,2026-03-12T21:50:47.178602+00:00,wikipedia
moussa diabat,Moussa Diabaté,CHA|DET,2026-03-12T04:10:08.812817+00:00,https://en.wikipedia.org/wiki/Moussa_Diabat%C3%A9
myles turner,Myles Turner,DAL|HOU|IND|MIL,2026-03-12T22:57:32.043139+00:00,https://en.wikipedia.org/wiki/Myles_Turner
myron gardner,Myron Gardner,MIA,2026-03-11T00:31:54.160041+00:00,https://en.wikipedia.org/wiki/Myron_Gardner
nae qwan tomlin,Nae'Qwan Tomlin,CLE|MEM,2026-03-11T23:56:55.711176+00:00,https://en.wikipedia.org/wiki/Nae'Qwan_Tomlin
naji marshall,Naji Marshall,DAL,2026-03-12T22:57:32.043139+00:00,https://en.wikipedia.org/wiki/Naji_Marshall
nate williams,Nate Williams,,2026-03-11T04:34:25.398428+00:00,wikipedia
naz reid,Naz Reid,MIN,2026-03-12T04:55:35.259378+00:00,https://en.wikipedia.org/wiki/Naz_Reid
neemias queta,Neemias Queta,BOS|UTA,2026-03-12T22:57:32.043139+00:00,https://en.wikipedia.org/wiki/Neemias_Queta
nic claxton,Nic Claxton,ATL|BKN,2026-03-11T00:31:54.160041+00:00,https://en.wikipedia.org/wiki/Nic_Claxton
nick richards,Nick Richards,CHI,2026-03-12T21:51:37.651157+00:00,https://en.wikipedia.org/wiki/Nick_Richards
nick smith jr,Nick Smith Jr.,LAC|LAL,2026-03-12T07:38:16.667438+00:00,https://en.wikipedia.org/wiki/Nick_Smith_Jr.
nickeil alexander walker,Nickeil Alexander-Walker,ATL|BKN|MIN|NOP,2026-03-11T16:25:01.036235+00:00,https://en.wikipedia.org/wiki/Nickeil_Alexander-Walker
nicolas batum,Nicolas Batum,LAC|LAL,2026-03-12T04:48:30.400734+00:00,https://en.wikipedia.org/wiki/Nicolas_Batum
nigel hayes davis,Nigel Hayes-Davis,CLE|MIL,2026-03-12T21:50:47.178602+00:00,https://en.wikipedia.org/wiki/Nigel_Hayes-Davis
nikola joki,Nikola Jokić,DEN,2026-03-12T22:57:32.043139+00:00,https://en.wikipedia.org/wiki/Nikola_Joki%C4%87
nikola jovi,Nikola Jović,MIA,2026-03-10T23:36:01.050229+00:00,https://en.wikipedia.org/wiki/Nikola_Jovi%C4%87
nikola vu evi,Nikola Vučević,BOS|PHI,2026-03-11T16:25:01.036235+00:00,https://en.wikipedia.org/wiki/Nikola_Vu%C4%8Devi%C4%87
nique clifford,Nique Clifford,DEN|SAC,2026-03-12T04:10:08.812817+00:00,https://en.wikipedia.org/wiki/Nique_Clifford
noa essengue,Noa Essengue,CHI,2026-03-12T06:07:15.653423+00:00,https://en.wikipedia.org/wiki/Noa_Essengue
noah clowney,Noah Clowney,BKN,2026-03-11T00:31:54.160041+00:00,https://en.wikipedia.org/wiki/Noah_Clowney
noah penda,Noah Penda,ORL,2026-03-12T02:14:32.205967+00:00,https://en.wikipedia.org/wiki/Noah_Penda
nolan traore,Nolan Traore,BKN,2026-03-11T00:31:54.160041+00:00,https://en.wikipedia.org/wiki/Nolan_Traor%C3%A9
norchad omier,Norchad Omier,LAC|LAL|MIA,2026-03-12T04:47:49.294612+00:00,https://en.wikipedia.org/wiki/Norchad_Omier
norman powell,Norman Powell,MIA|MIL|TOR,2026-03-11T16:25:01.036235+00:00,https://en.wikipedia.org/wiki/Norman_Powell
og anunoby,OG Anunoby,BKN|IND|NYK|TOR,2026-03-12T03:24:23.136791+00:00,https://en.wikipedia.org/wiki/OG_Anunoby
obi toppin,Obi Toppin,IND,2026-03-12T22:57:32.043139+00:00,https://en.wikipedia.org/wiki/Obi_Toppin
ochai agbaji,Ochai Agbaji,BKN,2026-03-10T23:36:01.050229+00:00,https://en.wikipedia.org/wiki/Ochai_Agbaji
olivier maxence prosper,Olivier-Maxence Prosper,MEM,2026-03-12T22:57:32.043139+00:00,https://en.wikipedia.org/wiki/Olivier-Maxence_Prosper
onyeka okongwu,Onyeka Okongwu,ATL,2026-03-11T16:25:01.036235+00:00,https://en.wikipedia.org/wiki/Onyeka_Okongwu
oscar tshiebwe,Oscar Tshiebwe,UTA,2026-03-12T03:27:26.541410+00:00,https://en.wikipedia.org/wiki/Oscar_Tshiebwe
oso ighodaro,Oso Ighodaro,PHX,2026-03-12T22:57:32.043139+00:00,https://en.wikipedia.org/wiki/Oso_Ighodaro
ousmane dieng,Ousmane Dieng,BKN|MIL|NYK|OKC,2026-03-12T22:57:32.043139+00:00,https://en.wikipedia.org/wiki/Ousmane_Dieng
p j washington,P.J. Washington,DAL|WAS,2026-03-12T22:57:32.043139+00:00,https://en.wikipedia.org/wiki/P._J._Washington
pj hall,PJ Hall,CHA,2026-03-12T01:03:12.890496+00:00,https://en.wikipedia.org/wiki/PJ_Hall
pac me dadiet,Pacôme Dadiet,BKN|NYK,2026-03-12T03:16:51.627554+00:00,https://en.wikipedia.org/wiki/Pac%C3%B4me_Dadiet
paolo banchero,Paolo Banchero,ORL,2026-03-12T02:07:34.558900+00:00,https://en.wikipedia.org/wiki/Paolo_Banchero
pascal siakam,Pascal Siakam,IND|TOR,2026-03-12T22:05:56.641451+00:00,https://en.wikipedia.org/wiki/Pascal_Siakam
pat connaughton,Pat Connaughton,CHA,2026-03-12T04:08:05.609422+00:00,https://en.wikipedia.org/wiki/Pat_Connaughton
pat spencer,Pat Spencer,,2026-03-11T04:34:25.398428+00:00,https://en.wikipedia.org/wiki/Pat_Spencer
patrick baldwin jr,Patrick Baldwin Jr.,MIL|SAC,2026-03-12T04:17:02.221588+00:00,https://en.wikipedia.org/wiki/Patrick_Baldwin_Jr.
patrick williams,Patrick Williams,CHI|MIA|ORL,2026-03-12T06:07:15.653423+00:00,https://en.wikipedia.org/wiki/Patrick_Williams_(basketball)
paul george,Paul George,PHI,2026-03-12T22:05:56.641451+00:00,https://en.wikipedia.org/wiki/Paul_George
paul reed,Paul Reed,DET,2026-03-12T22:53:22.762786+00:00,https://en.wikipedia.org/wiki/Paul_Reed_(basketball)
payton pritchard,Payton Pritchard,BOS|POR,2026-03-11T16:25:01.036235+00:00,https://en.wikipedia.org/wiki/Payton_Pritchard
pelle larsson,Pelle Larsson,MIA|PHX|UTA,2026-03-11T00:31:54.160041+00:00,https://en.wikipedia.org/wiki/Pelle_Larsson
pete nance,Pete Nance,CHA|CLE|MIL|PHI,2026-03-12T23:01:01.155017+00:00,https://en.wikipedia.org/wiki/Pete_Nance
peyton watson,Peyton Watson,DEN,2026-03-12T22:57:32.043139+00:00,https://en.wikipedia.org/wiki/Peyton_Watson
precious achiuwa,Precious Achiuwa,BKN|MEM|MIA|NYK,2026-03-12T04:10:08.812817+00:00,https://en.wikipedia.org/wiki/Precious_Achiuwa
quentin grimes,Quentin Grimes,HOU|PHI,2026-03-12T22:57:32.043139+00:00,https://en.wikipedia.org/wiki/Quentin_Grimes
quenton jackson,Quenton Jackson,DAL|HOU|IND|MIA,2026-03-12T22:04:43.337500+00:00,https://en.wikipedia.org/wiki/Quenton_Jackson
quinten post,Quinten Post,BOS,2026-03-11T04:34:25.398428+00:00,https://en.wikipedia.org/wiki/Quinten_Post
rj barrett,RJ Barrett,BKN|NYK|TOR,2026-03-12T02:22:53.389669+00:00,https://en.wikipedia.org/wiki/RJ_Barrett
rasheer fleming,Rasheer Fleming,MIN|PHX,2026-03-12T22:57:32.043139+00:00,https://en.wikipedia.org/wiki/Rasheer_Fleming
rayan rupert,Rayan Rupert,MEM,2026-03-12T21:51:37.651157+00:00,https://en.wikipedia.org/wiki/Rayan_Rupert
reed sheppard,Reed Sheppard,HOU,2026-03-12T04:11:31.523295+00:00,https://en.wikipedia.org/wiki/Reed_Sheppard
riley minix,Riley Minix,CLE,2026-03-12T00:59:19.123422+00:00,https://en.wikipedia.org/wiki/Riley_Minix
rob dillingham,Rob Dillingham,CHI,2026-03-12T21:51:37.651157+00:00,https://en.wikipedia.org/wiki/Rob_Dillingham
robert williams iii,Robert Williams III,DAL|HOU|POR|SAS,2026-03-09T00:13:13.433999+00:00,https://en.wikipedia.org/wiki/Robert_Williams_III
rocco zikarsky,Rocco Zikarsky,CHI|MIN,2026-03-12T04:48:30.400734+00:00,https://en.wikipedia.org/wiki/Rocco_Zikarsky
ron harper jr,Ron Harper Jr.,BOS|SAS,2026-03-10T23:57:49.022445+00:00,https://en.wikipedia.org/wiki/Ron_Harper_Jr.
ronald holland ii,Ronald Holland II,,2026-03-12T22:53:22.762786+00:00,wikipedia
royce o neale,Royce O'Neale,DEN|PHX,2026-03-12T22:57:32.043139+00:00,https://en.wikipedia.org/wiki/Royce_O'Neale
rudy gobert,Rudy Gobert,MIN|UTA,2026-03-12T04:55:35.259378+00:00,https://en.wikipedia.org/wiki/Rudy_Gobert
rui hachimura,Rui Hachimura,LAC|LAL|WAS,2026-03-12T22:57:32.043139+00:00,https://en.wikipedia.org/wiki/Rui_Hachimura
russell westbrook,Russell Westbrook,SAC,2026-03-12T03:46:57.245706+00:00,https://en.wikipedia.org/wiki/Russell_Westbrook
ryan dunn,Ryan Dunn,,2026-03-12T22:57:32.043139+00:00,https://en.wikipedia.org/wiki/Ryan_Dunn
ryan kalkbrenner,Ryan Kalkbrenner,CHA,2026-03-12T04:17:02.221588+00:00,https://en.wikipedia.org/wiki/Ryan_Kalkbrenner
ryan nembhard,Ryan Nembhard,,2026-03-12T21:50:47.178602+00:00,wikipedia
ryan rollins,Ryan Rollins,MIL,2026-03-12T22:57:32.043139+00:00,https://en.wikipedia.org/wiki/Ryan_Rollins
saddiq bey,Saddiq Bey,NOP,2026-03-12T02:22:53.389669+00:00,https://en.wikipedia.org/wiki/Saddiq_Bey
sam hauser,Sam Hauser,BOS,2026-03-12T22:57:32.043139+00:00,https://en.wikipedia.org/wiki/Sam_Hauser
sam merrill,Sam Merrill,CLE|MIL|UTA,2026-03-12T02:07:34.558900+00:00,https://en.wikipedia.org/wiki/Sam_Merrill
sandro mamukelashvili,Sandro Mamukelashvili,TOR,2026-03-12T02:22:53.389669+00:00,https://en.wikipedia.org/wiki/Sandro_Mamukelashvili
santi aldama,Santi Aldama,MEM,2026-03-12T22:40:14.035766+00:00,https://en.wikipedia.org/wiki/Santi_Aldama
scoot henderson,Scoot Henderson,ATL|POR,2026-03-09T00:13:13.433999+00:00,https://en.wikipedia.org/wiki/Scoot_Henderson
scottie barnes,Scottie Barnes,MIA|ORL|TOR,2026-03-12T02:22:53.389669+00:00,https://en.wikipedia.org/wiki/Scottie_Barnes
scotty pippen jr,Scotty Pippen Jr.,MEM,2026-03-12T22:40:14.035766+00:00,https://en.wikipedia.org/wiki/Scotty_Pippen_Jr.
seth curry,Seth Curry,,2026-03-11T04:34:25.398428+00:00,https://en.wikipedia.org/wiki/Seth_Curry
shaedon sharpe,Shaedon Sharpe,POR,2026-03-11T16:25:01.036235+00:00,https://en.wikipedia.org/wiki/Shaedon_Sharpe
shai gilgeous alexander,Shai Gilgeous-Alexander,OKC,2026-03-12T22:57:32.043139+00:00,https://en.wikipedia.org/wiki/Shai_Gilgeous-Alexander
sharife cooper,Sharife Cooper,ATL|WAS,2026-03-10T23:36:01.050229+00:00,https://en.wikipedia.org/wiki/Sharife_Cooper
sidy cissoko,Sidy Cissoko,POR,2026-03-09T00:13:13.433999+00:00,https://en.wikipedia.org/wiki/Sidy_Cissoko
simone fontecchio,Simone Fontecchio,MIA,2026-03-12T23:01:01.155017+00:00,https://en.wikipedia.org/wiki/Simone_Fontecchio
sion james,Sion James,CHA,2026-03-12T04:13:17.337228+00:00,https://en.wikipedia.org/wiki/Sion_James
spencer jones,Spencer Jones,DEN,2026-03-12T22:08:14.232239+00:00,https://en.wikipedia.org/wiki/Spencer_Jones_(basketball)
stanley umude,Stanley Umude,,2026-03-12T21:51:37.651157+00:00,https://en.wikipedia.org/wiki/Stanley_Umude
stephen curry,Stephen Curry,,2026-03-11T16:25:01.036235+00:00,https://en.wikipedia.org/wiki/Stephen_Curry
stephon castle,Stephon Castle,SAS,2026-03-12T22:57:32.043139+00:00,https://en.wikipedia.org/wiki/Stephon_Castle
steven adams,Steven Adams,HOU,2026-03-12T04:18:14.764822+00:00,https://en.wikipedia.org/wiki/Steven_Adams
svi mykhailiuk,Svi Mykhailiuk,BOS|UTA,2026-03-12T03:30:54.398649+00:00,https://en.wikipedia.org/wiki/Sviatoslav_Mykhailiuk
t j mcconnell,T.J. McConnell,IND|PHI|PHX,2026-03-12T22:57:32.043139+00:00,https://en.wikipedia.org/wiki/T._J._McConnell
taelon peter,Taelon Peter,IND|MEM,2026-03-12T22:57:32.043139+00:00,https://en.wikipedia.org/wiki/Taelon_Peter
tari eason,Tari Eason,HOU,2026-03-12T04:10:08.812817+00:00,https://en.wikipedia.org/wiki/Tari_Eason
taurean prince,Taurean Prince,ATL|BKN|CLE|LAC,2026-03-12T23:01:01.155017+00:00,https://en.wikipedia.org/wiki/Taurean_Prince
taylor hendricks,Taylor Hendricks,MEM|MIA|ORL,2026-03-12T22:57:32.043139+00:00,https://en.wikipedia.org/wiki/Taylor_Hendricks
terance mann,Terance Mann,ATL|BKN|LAC|LAL,2026-03-10T23:36:01.050229+00:00,https://en.wikipedia.org/wiki/Terance_Mann
terrence shannon jr,Terrence Shannon Jr.,CHI|DAL|HOU|MIN,2026-03-12T04:47:49.294612+00:00,https://en.wikipedia.org/wiki/Terrence_Shannon_Jr.
thanasis antetokounmpo,Thanasis Antetokounmpo,MIL,2026-03-12T23:01:01.155017+00:00,https://en.wikipedia.org/wiki/Thanasis_Antetokounmpo
thomas bryant,Thomas Bryant,CLE|DEN|IND,2026-03-12T02:14:32.205967+00:00,https://en.wikipedia.org/wiki/Thomas_Bryant
tidjane sala n,Tidjane Salaün,CHA,2026-03-12T01:18:15.863257+00:00,https://en.wikipedia.org/wiki/Tidjane_Sala%C3%BCn
tim hardaway jr,Tim Hardaway Jr.,ATL|BKN|DAL|DEN,2026-03-12T22:40:14.035766+00:00,https://en.wikipedia.org/wiki/Tim_Hardaway_Jr.
tobias harris,Tobias Harris,CHA|DET|LAC|LAL,2026-03-12T22:57:32.043139+00:00,https://en.wikipedia.org/wiki/Tobias_Harris
tony bradley,Tony Bradley,CHA,2026-03-12T05:17:06.631629+00:00,https://en.wikipedia.org/wiki/Tony_Bradley_(basketball)
toumani camara,Toumani Camara,ATL|MIA|ORL|PHX,2026-03-11T00:31:54.160041+00:00,https://en.wikipedia.org/wiki/Toumani_Camara
trae young,Trae Young,ATL|DAL|OKC|WAS,2026-03-11T16:25:01.036235+00:00,https://en.wikipedia.org/wiki/Trae_Young
trayce jackson davis,Trayce Jackson-Davis,IND|TOR,2026-03-12T02:14:32.205967+00:00,https://en.wikipedia.org/wiki/Trayce_Jackson-Davis
tre johnson,Tre Johnson,CLE|WAS,2026-03-11T00:31:54.160041+00:00,https://en.wikipedia.org/wiki/Tre'_Johnson
tre jones,Tre Jones,CHI,2026-03-12T22:57:32.043139+00:00,https://en.wikipedia.org/wiki/Tre_Jones
tre mann,Tre Mann,CHA|MIA|ORL,2026-03-12T04:17:02.221588+00:00,https://en.wikipedia.org/wiki/Tre_Mann
trendon watford,Trendon Watford,PHI,2026-03-12T22:57:32.043139+00:00,https://en.wikipedia.org/wiki/Trendon_Watford
trentyn flowers,Trentyn Flowers,CHI,2026-03-12T04:18:14.764822+00:00,https://en.wikipedia.org/wiki/Trentyn_Flowers
trevor keels,Trevor Keels,MIA,2026-03-12T23:01:01.155017+00:00,https://en.wikipedia.org/wiki/Trevor_Keels
trey jemison iii,Trey Jemison III,BKN|LAC|LAL|NYK,2026-03-12T03:16:51.627554+00:00,https://en.wikipedia.org/wiki/Trey_Jemison
trey murphy iii,Trey Murphy III,NOP,2026-03-12T02:22:53.389669+00:00,https://en.wikipedia.org/wiki/Trey_Murphy_III
tristan enaruna,Tristan Enaruna,CLE,2026-03-11T23:56:55.711176+00:00,https://en.wikipedia.org/wiki/Tristan_Enaruna
tristan vukcevic,Tristan Vukcevic,WAS,2026-03-10T23:36:01.050229+00:00,https://en.wikipedia.org/wiki/Tristan_Vuk%C4%8Devi%C4%87
tristan da silva,Tristan da Silva,DEN|ORL,2026-03-12T02:07:34.558900+00:00,https://en.wikipedia.org/wiki/Tristan_da_Silva
ty jerome,Ty Jerome,CLE|MEM|OKC|PHI,2026-03-12T22:57:32.043139+00:00,https://en.wikipedia.org/wiki/Ty_Jerome
tyty washington jr,TyTy Washington Jr.,LAC|LAL|WAS,2026-03-12T04:48:30.400734+00:00,https://en.wikipedia.org/wiki/TyTy_Washington_Jr.
tyler herro,Tyler Herro,MIA,2026-03-12T22:57:32.043139+00:00,https://en.wikipedia.org/wiki/Tyler_Herro
tyler kolek,Tyler Kolek,BKN|NYK|POR,2026-03-12T03:25:27.853291+00:00,https://en.wikipedia.org/wiki/Tyler_Kolek_(basketball)
tyrese martin,Tyrese Martin,PHI,2026-03-12T22:53:22.762786+00:00,https://en.wikipedia.org/wiki/Tyrese_Martin
tyrese maxey,Tyrese Maxey,PHI,2026-03-12T22:05:56.641451+00:00,https://en.wikipedia.org/wiki/Tyrese_Maxey
tyrese proctor,Tyrese Proctor,CLE,2026-03-11T22:33:50.004600+00:00,https://en.wikipedia.org/wiki/Tyrese_Proctor
tyson etienne,Tyson Etienne,BKN,2026-03-10T23:04:33.231321+00:00,https://en.wikipedia.org/wiki/Tyson_Etienne
tyus jones,Tyus Jones,DEN,2026-03-12T22:40:14.035766+00:00,https://en.wikipedia.org/wiki/Tyus_Jones
vj edgecombe,VJ Edgecombe,PHI,2026-03-12T22:57:32.043139+00:00,https://en.wikipedia.org/wiki/V._J._Edgecombe
victor wembanyama,Victor Wembanyama,SAS,2026-03-12T22:57:32.043139+00:00,https://en.wikipedia.org/wiki/Victor_Wembanyama
vince williams jr,Vince Williams Jr.,UTA,2026-03-11T13:53:04.263844+00:00,https://en.wikipedia.org/wiki/Vince_Williams_Jr.
vladislav goldin,Vladislav Goldin,DAL|DET|HOU|MIA,2026-03-12T23:01:01.155017+00:00,https://en.wikipedia.org/wiki/Vladislav_Goldin
v t krej,Vít Krejčí,POR,2026-03-09T00:13:13.433999+00:00,https://en.wikipedia.org/wiki/V%C3%ADt_Krej%C4%8D%C3%AD
walker kessler,Walker Kessler,CHA|UTA,2026-03-11T23:56:55.711176+00:00,https://en.wikipedia.org/wiki/Walker_Kessler
walter clayton jr,Walter Clayton Jr.,MEM|MIA|ORL,2026-03-12T05:17:06.631629+00:00,https://en.wikipedia.org/wiki/Walter_Clayton_Jr.
wendell carter jr,Wendell Carter Jr.,ORL,2026-03-12T02:07:34.558900+00:00,https://en.wikipedia.org/wiki/Wendell_Carter_Jr.
will richard,Will Richard,MEM|MIA|ORL,2026-03-11T04:34:25.398428+00:00,https://en.wikipedia.org/wiki/Will_Richard
will riley,Will Riley,CHI|WAS,2026-03-11T00:31:54.160041+00:00,https://en.wikipedia.org/wiki/Will_Riley
xavier tillman,Xavier Tillman,CHA|DET,2026-03-12T04:14:58.659934+00:00,https://en.wikipedia.org/wiki/Xavier_Tillman
yang hansen,Yang Hansen,MEM|POR,2026-03-09T00:13:13.433999+00:00,https://en.wikipedia.org/wiki/Yang_Hansen
yanic konan niederh user,Yanic Konan Niederhäuser,CHI|LAC|LAL,2026-03-12T04:48:30.400734+00:00,https://en.wikipedia.org/wiki/Yanic_Konan_Niederh%C3%A4user
yuki kawamura,Yuki Kawamura,CHI,2026-03-12T21:51:37.651157+00:00,https://en.wikipedia.org/wiki/Yuki_Kawamura
yves missi,Yves Missi,NOP,2026-03-12T02:14:32.205967+00:00,https://en.wikipedia.org/wiki/Yves_Missi
zaccharie risacher,Zaccharie Risacher,ATL,2026-03-11T00:19:10.996422+00:00,https://en.wikipedia.org/wiki/Zaccharie_Risacher
zach collins,Zach Collins,CHI|POR|SAC|SAS,2026-03-11T04:34:25.398428+00:00,https://en.wikipedia.org/wiki/Zach_Collins
zach edey,Zach Edey,MEM,2026-03-12T22:40:14.035766+00:00,https://en.wikipedia.org/wiki/Zach_Edey
zach lavine,Zach LaVine,CHI|MIN|SAC,2026-03-12T03:46:57.245706+00:00,https://en.wikipedia.org/wiki/Zach_LaVine
zeke nnaji,Zeke Nnaji,DEN|PHX,2026-03-12T22:08:14.232239+00:00,https://en.wikipedia.org/wiki/Zeke_Nnaji
ziaire williams,Ziaire Williams,BKN,2026-03-09T23:13:16.929868+00:00,https://en.wikipedia.org/wiki/Ziaire_Williams
zion williamson,Zion Williamson,NOP,2026-03-12T02:22:53.389669+00:00,https://en.wikipedia.org/wiki/Zion_Williamson
